{"cameraMode":{"drawMode":0,"name":"Shaded","section":"Shading Mode"},"sceneLighting":true,"audioPlay":false,"sceneViewState":{"m_AlwaysRefresh":false,"showFog":true,"showSkybox":true,"showFlares":true,"showImageEffects":true,"showParticleSystems":true,"showVisualEffectGraphs":true,"m_FxEnabled":true},"in2DMode":false,"pivot":{"x":6.441744327545166,"y":4.9419169425964359,"z":-20.568235397338868},"rotation":{"x":-0.0005525047308765352,"y":-0.9996663331985474,"z":-0.02368190325796604,"w":0.016782423481345178},"size":0.09775321930646897,"orthographic":false}